question_id;context_question;question_text;modelantwoord_deel1_prefix;modelantwoord_deel1_completion;modelantwoord_deel2_prefix;modelantwoord_deel2_completion;student_id;antwoord_deel1_prefix;antwoord_deel1_completion;antwoord_deel2_prefix;antwoord_deel2_completion;ai_score_deel1;ai_score_deel2;ai_score_total;ai_confidence;deel1_light_highlight;deel1_dark_highlight;deel2_light_highlight;deel2_dark_highlight;pt1_similar_right;pt1_similar_wrong;pt1_sim_response_1;pt1_sim_response_score_1;pt1_sim_response_2;pt1_sim_response_score_2;pt1_sim_response_3;pt1_sim_response_score_3;pt2_similar_right;pt2_similar_wrong;pt2_sim_response_1;pt2_sim_response_score_1;pt2_sim_response_2;pt2_sim_response_score_2;pt2_sim_response_3;pt2_sim_response_score_3;;;;;;;;;;;;
1;Als er veel uitwerpselen en ander organisch materiaal naar de bodem van een vijver zakken, is het voedselaanbod voor de organismen op en in de bodem groot.; Leg uit wat hiervan het directe gevolg is voor het zuurstofverbruik door organismen op en in de bodem.;Het directe gevolg is:;Het zuurstofverbruik stijgt na verloop van tijd;Uitleg:;Doordat de organismen bij voldoende voedselaanbod groeien / zich voortplanten;0;Het directe gevolg is:;bodemword steeds dikker belaagd door uitwerpselen hierdoor minder zuurstof dus minder voedingstoffen minder zuurstof en minder voeidingstoffen betekent dode organsime;Uitleg:;zuurstof en voedingstoffen heb je nodig om te kunnen overleven als dit niet het geval is in deze vijver dan zullen de organisme langzaam dood gaan want er zal steeds minder zuurstof zijn en dus ook minder voedingstoffen ;0;0;0;85;bodemword, steeds, dode;zuurstof, minder;dood, minder, overleven;voedingsstoffen, zuurstof;1;9;"dat er meer te eten is voor de organismen in en op de bodem en daardoor minder zuurstof	";1;"Dat al het eten zakt naar de bodem doordat er minder zuurstof is	";0;opde bodem is minder zuurstof;0;1;9;ook die zijn zuurstof nodig en zo komt er steeds minder zuurstof in de vijver;0;er groeien dan te weinig plantjes en plantjes zorgen voor zuurstof in de vijver en geen eten voor organisme dan gaan ze dood en organisme zorgen er ook voor dat het zuurstofgebruik constant blijft;0;Doordat te veel zuurstof wordt gebruikt door de reducenten die op en in de bodem leven, is er minder zuurstof voor dieren en gaan ze langaam dood ook door te weinig voedingsstoffen in het water.;1;;;;;;;;;;;;
1;Als er veel uitwerpselen en ander organisch materiaal naar de bodem van een vijver zakken, is het voedselaanbod voor de organismen op en in de bodem groot.; Leg uit wat hiervan het directe gevolg is voor het zuurstofverbruik door organismen op en in de bodem.;Het directe gevolg is:;Het zuurstofverbruik stijgt na verloop van tijd;Uitleg:;Doordat de organismen bij voldoende voedselaanbod groeien / zich voortplanten;1;Het directe gevolg is:;dat de organismen op en in de bodem van de vijver meer zuurstof verbruiken;Uitleg:;De organismen op en in de bodem van de vijver verbruiken meer zuurstof omdat het voedsel aanbod aanzienelijk vergroot en de meeste organisme daarvan kunnen eten. Het kost energie om voedsel te verteren dus er is meer koolstofdioxide die vrij komt. Als bijna alle organismen op en in de bodem van de vijver het voedsel gaan verteren komt er van hun allen koolstofdioxide vrij en word en meer zuurstof door hun opgenomen omdat ze veel energie verbruiken bij het benutigen van de grote hoeveelheid voedsel aanbod.;1;1;2;85;vijver, bodem;zuurstof, meer;vijver, organisme, zuurstof;organismen, voedsel;7;3;"dat de gronddieren in de vijver meer zuustof gaan verbruiken	";1;"de organismen op de bodem gebruiken minder zuurtof daardoor ontstaat er meer zuurstof in de vijver	";0;dat organismen op en in de bodem meer zuurstof gaat gebruiken;1;7;3;Doordat er veel voedsel op de bodem van de vijver ligt, willen de organismen dat natuurlijk consumeren. Wanneer dit veel wordt gedaan wordt er ook veel zuurstof verbruikt en te veel koolstofdioxide uitgestoot.;0;als er veel voedsel is dan komen er meer organismen op af en dan zijn er te veel organismen op een kleine plek en dan is er veel koolstofdioxide en dan is er {veel} minder zuurstof aanwezig in de vijver.;1;Doordat de organisch materiaal in de vijver zakken en de organismen meer gaan eten verspillen ze meer energie en hebben ze meer zuurstof nodig om dat energie te kunnen verbruiken;1;;;;;;;;;;;;
1;Als er veel uitwerpselen en ander organisch materiaal naar de bodem van een vijver zakken, is het voedselaanbod voor de organismen op en in de bodem groot.; Leg uit wat hiervan het directe gevolg is voor het zuurstofverbruik door organismen op en in de bodem.;Het directe gevolg is:;Het zuurstofverbruik stijgt na verloop van tijd;Uitleg:;Doordat de organismen bij voldoende voedselaanbod groeien / zich voortplanten;2;Het directe gevolg is:;Het zuurstofgebruik zou minder worden op boven in het water en meer worden onder in het water.;Uitleg:;Omdat onder in het water al het organisch materiaal ligt en daar komen de dieren die boven in het water leven niet meer en daardoor hebben de dieren die boven in het water leven meer zuursotf nodig en dit word zo dus minder boven in het water.;0;0;0;74;minder, water, meer;zuurstofgebruik;dieren, water, leven, nodig;organisch;5;5;"dat het zuurstofgehalte ook minder word in het water	";1;Er wordt meer zuurstof gebruik, waardoor er minder zuurstof in het water zit;1;"Er kan minder zuurstof het water berijken.	";0;1;9;"als er afval is in het leefgebied en da tis in dit geval het water kan er minder moeilijk zuurstof worden opgenomen in de beesten die in de vijver leven	";0;"Door dat er uitwerpselen in de bodem vrijkomen is er meer zuurtsof in het water want dat organisch materiaal heeft ook zuurtsof en dat wordt weer gegeten door de rest van de kleine diertjes in de zee	";0;Doordat er afvalstoffen worden gedumpt of die in het water liggen die het water ( Het mileu) Vervuild en de leefomstandig heden voor dieren die onder water leven vervuild word en onleefbaar;1;;;;;;;;;;;;
1;Als er veel uitwerpselen en ander organisch materiaal naar de bodem van een vijver zakken, is het voedselaanbod voor de organismen op en in de bodem groot.; Leg uit wat hiervan het directe gevolg is voor het zuurstofverbruik door organismen op en in de bodem.;Het directe gevolg is:;Het zuurstofverbruik stijgt na verloop van tijd;Uitleg:;Doordat de organismen bij voldoende voedselaanbod groeien / zich voortplanten;3;Het directe gevolg is:;Dat het zuurstof meer afneemt en koolstofdioxide meer toeneemt voor de organismen op en in de bodem maar dat ook de organismen meer toenemen waardoor er meer organismen onstaan en meer voortplanting plaats vindt;Uitleg:;Omdat ze dan meer gaan eten dus dan ook meer zuurstof nodig hebben dus ook meer zuurstof op gaan nemen waardoor het zuurstof vermindert en doordat ze dan meer gaan eten en meer zuurstof binnen krijgen geven ze ook meer koolstofdioxide af waardoor het zuurstof vermindert en het koolstofdioxide toeneemt maar ook omdat de organismen toenemen word er meer voortplanting gedaan waardoor er uiteindelijk veel te veel voedsel ontstaat voor andere organismen en de organismen alleen maar toe gaan nemen waardoor er uiteindelijk niet genoeg plek meer is voor alle organismen in de omgeving;1;1;2;82;meer, toeneemt, toenemen, bodem, organismen, afneemt;zuurstof;eten, voortplanting, meer;zuurstof, organismen;6;4;er is dan meer koolstofdioxide en er is te veel zuurstof hebben en dan komen meer organismen en er is dan meet koolstofdioide;0;dat organismen op en in de bodem meer zuurstof gaat gebruiken;1;de organisme en de bodem krijgen minder en nemen daarom meer zuurstof op;0;9;1;als er meer organismen komen verbruiken ze meer zuurstof en ademen ze meer co2 uit;1;dit komt doordat er meer organismen komen en zuurstof verbruiken;1;"Doordat er meer organisme zijn hebben ze meer zuurstof nodig	";0;;;;;;;;;;;;
1;Als er veel uitwerpselen en ander organisch materiaal naar de bodem van een vijver zakken, is het voedselaanbod voor de organismen op en in de bodem groot.; Leg uit wat hiervan het directe gevolg is voor het zuurstofverbruik door organismen op en in de bodem.;Het directe gevolg is:;Het zuurstofverbruik stijgt na verloop van tijd;Uitleg:;Doordat de organismen bij voldoende voedselaanbod groeien / zich voortplanten;4;Het directe gevolg is:;er komen veel uitwerpselen en organische materialen naar de bodem, het voedselaanbod voor de organismen word hier groot door en daardoor is er meer zuurstof nodig en word het zuurstof verbruik ook hoog op en in de bodem.;Uitleg:;dat betekend dus dat de organismen in en op de bodem meer voedsel hebben maar er wel meer zuurstof verloren gaat en het zuurstofverbruik dus hoog is.;0;1;1;78;bodem, hoog, verbruik, meer;zuurstof;zuurstof, verloren, zuurstofverbruik;organismen, voedsel;5;5;Er is meer zuurstofverbruik omdat er meer uitwerpselen en organisch materiaal naar de bodem zakken.;1;"dat de zuurstof groter wordt als er een organisch material naar de bodem zakt	";0;"dat het zuurstof gehalte hoger is als de organismen op de bodem meer voedselaanbod hebben	";0;7;3;er komt minder zuurstof omdat er meer voedingsstoffen op de bodem terecht komen waardoor er nu meer organismen op af komen en er daardoor dus ook meer zuurstof wordt verbruikt.;1;"het zuurstofverbruik gaat omlaag omdat er meer organismen het gaat eten en op de bodem wordt het viezer	";0;"	door dat er veel voedsel op de bodem komt komen er steeds meer van die kleine organismens en die gebruiken veel zuurstof en daardor word de zuurstof in de vijfer steeds minder	";1;;;;;;;;;;;;
1;Als er veel uitwerpselen en ander organisch materiaal naar de bodem van een vijver zakken, is het voedselaanbod voor de organismen op en in de bodem groot.; Leg uit wat hiervan het directe gevolg is voor het zuurstofverbruik door organismen op en in de bodem.;Het directe gevolg is:;Het zuurstofverbruik stijgt na verloop van tijd;Uitleg:;Doordat de organismen bij voldoende voedselaanbod groeien / zich voortplanten;5;Het directe gevolg is:;dat er te veel bacterien in het water teregt komt en er kroos op het water komt. en de dieren dood gaan en geen zuur stof meer krijgen.;Uitleg:;omdat er te veel organisch materiaal licht word er minder zuurstof gebruik omdat er te veel van het afval op de bodem bij de water plant licht waardoor er een laagje komt en er geen licht meer op de water planten teregt komt en ze geen zuurstof meer kunnen maaken dus er word meer zuurstof verbruikt dan nodig is;0;0;0;95;veel, geen, meer;zuur, stof;organisch, planten, water, plant;licht;0;10;er komt veel zuur in en alle levende organisme gaan dood en drijven op het water;0;Dat de vijver vervuild is en dieren dood gaan;0;dat dieren die in de bodem water dood kunnen gaan;0;1;9;want als die uitwerpselen en ander organisch materiaal naar de bodem zakt. krijgen de planten geen zonlicht meer en komt er dus ook geen zuurstof in het water.;0;omdat er dan minder licht naar de bodem gaat en alles wat naar de bodem zakt op de planten komen waardoor hun minder zuurstof weg kunnen geven;0;Doordat ze allemaal op de bodem zuurstofverbruiken, maar er niet genoeg planten zijn, is er te weinig fotosynthese en komt er zuurstoftekort.;1;;;;;;;;;;;;
1;Als er veel uitwerpselen en ander organisch materiaal naar de bodem van een vijver zakken, is het voedselaanbod voor de organismen op en in de bodem groot.; Leg uit wat hiervan het directe gevolg is voor het zuurstofverbruik door organismen op en in de bodem.;Het directe gevolg is:;Het zuurstofverbruik stijgt na verloop van tijd;Uitleg:;Doordat de organismen bij voldoende voedselaanbod groeien / zich voortplanten;6;Het directe gevolg is:;hoe meer voedsel op de bodem hoe makkelijker is om voedsel te zoeken en hoe makkelijker het te overleven hoe dieper je gaat hoe meer zuurstof je nodig heb dit heeft te maken met luchtdruk hoe dieper hoe meer luchtdruk er komt en hoe meer zuurstof je zal nodig hebben ;Uitleg:;zodra je richting de bodem gaat hoe meer je te maken zou hebben met luchtdruk hoe meer luchtdruk hoe meer je tekort komt aan zuurstof ;0;0;0;81;luchtdruk, bodem;zuurstof, meer;meer, tekort, zuurstof;bodem, luchtdruk;2;8;hoe meer voedsel op de bodem hoe makkelijker is om voedsel te zoeken en hoe makkelijker het te overleven hoe dieper je gaat hoe meer zuurstof je nodig heb dit heeft te maken met luchtdruk hoe dieper hoe meer luchtdruk er komt en hoe meer zuurstof je zal nodig hebben;0;dat er meer leven op de bodem onstaat en er ook meer zuurstof nodig is.;1;door mer voedsel komt er meer zuurstof;0;0;10;"omdat het op de bodem ligt of op is verbruik je meer zuurstof omdat je er ook veel moeite voor moet doen.	";0;"Als er veel zuurstof op de bodem ligt dan krijg je minder zuurstof en kan je snel duizelig worden	";0;omdat er dan zuurstof te kort om helemaal bij de bodem te komen;0;;;;;;;;;;;;
1;Als er veel uitwerpselen en ander organisch materiaal naar de bodem van een vijver zakken, is het voedselaanbod voor de organismen op en in de bodem groot.; Leg uit wat hiervan het directe gevolg is voor het zuurstofverbruik door organismen op en in de bodem.;Het directe gevolg is:;Het zuurstofverbruik stijgt na verloop van tijd;Uitleg:;Doordat de organismen bij voldoende voedselaanbod groeien / zich voortplanten;7;Het directe gevolg is:;minder zuurstof door omdat je dieper in het water zit dit kan zelfs gevolg hebben tot dood door veel te kort aan zuurstof als het organisme telang beneden op de bodum blijft;Uitleg:;hoe dieper je een vijver in gaat hoe moeilijker het word en hoe minder zuurstof je hebt. Het kan dus moeilijker worden met eten, maar omdat er organisme door de diepte dood gaan hebben andere organismen daar profijt aan want die hebben dan weer meer voedselaanbod.;0;0;0;86;water, minder, kort;zuurstof;diepte, zuurstof;organismen, organisme, voedselaanbod;3;7;"er is minder zuurstof in het water hierdoor gaan meer organismes dood	";0;"er is minder zuurstof in het water en organismen gaan dood.	";0;"dat er minder zuurstof in het water terecht komt	";1;2;8;"Omdat de organismen nog dieper in de vijver moeten zoeken naar voedesel. Hoe dieper je gaat hoe minder zuurstof.	";0;"er komt meer organisme omdat het op te eten maar daardoor komt er een hele erge zuurstof tekort in het water	";0;omdat het voedselaanbod groot is komen er meer organismen in die vijver, maar omdat er meer organismen in de vijver gaan wonen/zitten word het zuurstof gehalte in het water lager.;1;;;;;;;;;;;;
1;Als er veel uitwerpselen en ander organisch materiaal naar de bodem van een vijver zakken, is het voedselaanbod voor de organismen op en in de bodem groot.; Leg uit wat hiervan het directe gevolg is voor het zuurstofverbruik door organismen op en in de bodem.;Het directe gevolg is:;Het zuurstofverbruik stijgt na verloop van tijd;Uitleg:;Doordat de organismen bij voldoende voedselaanbod groeien / zich voortplanten;8;Het directe gevolg is:;Dat er te veel mineralen worden gemaakt en nog weinig zuurstof in het water zit. En de vissen gaan daardoor dood en planten in het water. En dan worden er nog meer mineralen gemaakt en dan zit er helemaal geen zuurstof in de vijver;Uitleg:;Als er een beetje mineralen worden gemaakt en als er teveel worden gemaakt is het slecht en de reducenten gebruiken zelf ook nog zuurstof.;0;1;1;78;vijver, geen, weinig;zuurstof, mineralen;teveel, beetje, zuurstof;gemaakt, mineralen;0;10;"ze krijgen geen zuurstof binnen en gaan dood en dan komen er geen mineralen meer vrij in die vijver.	";0;"meer bodem dan water dus raakt het zuurstof voor de vissen op en gaan ze dood	";0;"Dat er niet meer genoeg zuurstof zal zijn voor de vissen en ze zullen dood gaan.	";0;5;5;"doordat er zoveel zuurstof wordt verbruikt komen er ook meer mineralen vrij	";0;"ze moeten het weer omzetten in mineralen dus e hebben veel enregie nodig dus ook zuurstof	";1;Doordat de uitwerpselen worden omgezet in mineralen en omdat andere organismes dat dan gebruiken word er veel meer zuurstof gemaakt;0;;;;;;;;;;;;
1;Als er veel uitwerpselen en ander organisch materiaal naar de bodem van een vijver zakken, is het voedselaanbod voor de organismen op en in de bodem groot.; Leg uit wat hiervan het directe gevolg is voor het zuurstofverbruik door organismen op en in de bodem.;Het directe gevolg is:;Het zuurstofverbruik stijgt na verloop van tijd;Uitleg:;Doordat de organismen bij voldoende voedselaanbod groeien / zich voortplanten;9;Het directe gevolg is:;doordat de bodem vergroot en uitwerpsels deel plek in nemen word de omgeving van de organismes te klein waardoor een zuurstof te kort komt;Uitleg:;doordat er dan te weinig zuurstof over blijft en de organisme amper nog ruimte hebben komen er meer uitwerpsels door zuurstof te kort en zal de vijver met organismes uitsterven op dat gebied van die vijver en liggen er alleen nog maar organish materiaal en uitwerpsels;0;0;0;84;bodem, klein, vergroot;zuurstof;vijver, zuurstof, uitsterven;organisme, organismes;0;10;door dat de bodem heel vol ligt kunnen de organismen misschien minder zuurstof krijgen;0;de organisme en de bodem krijgen minder en nemen daarom meer zuurstof op;0;"minder zuurstof in de bodem omdat de organismens dat opnemen	";0;2;8;"Hierdoor raakt de vijver steeds voller en kan er minder zuurstof worden geproduceerd	";0;"doordat er veel organisme in zit en erbij komt wordt er meer zuurstof gebruikt en zo blijft er minder zuurstof in de vijver	";1;Er blijft dan te veel zuurstof in het water zitten omdat de organismes die in in of op de bodem leven, dan minder moeite hoeven te doen en dus minder energie verbruiken en dus minder ademen, waardoor er teveel zuurstof in het water blijft.;0;;;;;;;;;;;;
1;Als er veel uitwerpselen en ander organisch materiaal naar de bodem van een vijver zakken, is het voedselaanbod voor de organismen op en in de bodem groot.; Leg uit wat hiervan het directe gevolg is voor het zuurstofverbruik door organismen op en in de bodem.;Het directe gevolg is:;Het zuurstofverbruik stijgt na verloop van tijd;Uitleg:;Doordat de organismen bij voldoende voedselaanbod groeien / zich voortplanten;10;Het directe gevolg is:;het zuuurstofgehalte wordt te hoog waardoor de oragismen op en in de bodem sterven;Uitleg:;doordat zuurstofgehalte zo hoog is sterven organisme planten en algen af waardoor er geen zuurstof meer op en in de bodem is en alles dan sterft want de algen kunnen het water dan geen groene kleur geven en geen  zuurstof meer geven doordat ze zijn afgestorven;0;0;1;73;bodem, organismen;zuurstofgehalte, hoog;organisme, planten;zuurstofgehalte, zuurstof, sterven;5;5;"Veel dieren gaan dood door gebrek aan zuurstof op de bodem.	";1;"te weinig zuurstof en alle het levende op en in de bodem gaan dood	";0;dat de organismen op de bodem dood gaan en die in de bodem genoeg zuurstof hebben;0;0;10;"als er zuurstof tekort is gaan er organisme dood	";0;"als er te weinig zuurstofverbruik is dan gaan de organismen dood	";0;"daardoor is er niet genoeg zuurstof waadoor veel organisme dood gaan.	";0;;;;;;;;;;;;
2;Er zijn verschillende factoren die de kans op een hartinfarct vergroten. Twee van die factoren zijn stress en roken.;Noteer nog twee andere factoren die de kans op een hartinfarct vergroten.;Oorzaak 1:;Voorbeelden van juiste factoren zijn: overgewicht, te grote inspanning, erfelijke aanleg;Oorzaak 2:;Voorbeelden van juiste factoren zijn: overgewicht, te grote inspanning, erfelijke aanleg;1;Oorzaak 1:;weinig bewegen en veel ongezond eten, waneer een mensen weinig/niet beweegt is dit slecht voor het lichaam. omdat je lichaam hoort te bewegen gebeurd dit niet is de kans groter op een hartinfarct, door dat het lichaam ongezond is.;Oorzaak 2:;erfelijk. in sommigen families zijn er ziektes of aandoeningen die keer op keer worden door gegeven, de kans is dan groter dat je het zelf ook krijgt. dit noem je erfelijkeaandoeningen. ;1;1;2;90;slecht, niet, kans;ongezond, eten;families, kans, groter;erfelijk, erfelijkeaandoeningen;9;1;"weinig bewegen, dus een slechte gezondheid.	";1;"te weinig bewegen en een ongezonde levenstijl	";1;te weinig bewegen (vooral als je veel en vet eet);0;9;1;erfelijke ziektes;1;als mensen in uw familie ook hartinfarcten hebben. dus erfelijk.;1;"ziektes die je aderen aantasten	";0;;;;;;;;;;;;1
2;Er zijn verschillende factoren die de kans op een hartinfarct vergroten. Twee van die factoren zijn stress en roken.;Noteer nog twee andere factoren die de kans op een hartinfarct vergroten.;Oorzaak 1:;Voorbeelden van juiste factoren zijn: overgewicht, te grote inspanning, erfelijke aanleg;Oorzaak 2:;Voorbeelden van juiste factoren zijn: overgewicht, te grote inspanning, erfelijke aanleg;2;Oorzaak 1:;Als je hard bent geschrokken zo gaat je hard veel sneller kloppen en kun je een hartinfact krijgen ;Oorzaak 2:;Als je veel zouten binnenkrijgt gaat het bloed sneller dus er moet meer bloed gepompt naar het hart toe en als dat niet lukt kun je een hartinfarct krijgen.;1;0;1;83;veel,sneller, hartinfarct;hard, geschrokken;veel, meer, hartinfarct;zouten, bloed, hart;6;4;"erfelijk dat je het sneller krijgt	";1;"je maag moet sneller verteren en het bloed harder stromen dus gaat je hart harder pompen	";0;als je bloed te snel te veel stolt;0;1;9;"het bloed pompt niet goed of er is niet genoeg zuurtsof wat naar het hart kan	";0;"als je bloed te weinig pompt in je hart	";0;"te hoge bloed druk als je veel zout eet	";1;;;;;;;;;;;;
2;Er zijn verschillende factoren die de kans op een hartinfarct vergroten. Twee van die factoren zijn stress en roken.;Noteer nog twee andere factoren die de kans op een hartinfarct vergroten.;Oorzaak 1:;Voorbeelden van juiste factoren zijn: overgewicht, te grote inspanning, erfelijke aanleg;Oorzaak 2:;Voorbeelden van juiste factoren zijn: overgewicht, te grote inspanning, erfelijke aanleg;3;Oorzaak 1:;komt omdat je lichaam niet zo veel vet nodig heeft en er juist sneller van af wilt omdat het alleen een reservenstof is voor engrie aanmaakt;Oorzaak 2:;en omdat je lichaam erg moeilijk vetten kan verteren je lichaam emugeert het dat houdt in maakt de duppels kleiner zodat het makkelijker weg kan maar wordt nooit volledig en gelijk geverteerd;0;0;0;76;omdat, niet, komt, nodig;lichaam, vet;geverteerd, lichaam;verteren, moeilijk;3;7;"je lichaam kan niet genoeg gal aan maken om het vet af te breeken dus word je dik		";0;"eten zonder vet eten want je lichnaam heeft vetten nodig maar gewoon niet te veel	";0;"Weinig beweging. Als je veel vet eet en niet voldoende beweegt kan dit ook gebeuren.	";1;5;5;"grotere kans op een hartinfact kan je krijgen door weinig te bewegen en veel liggen	";1;"je lichaam kan niet genoeg gal aan maken om het vet af te breeken dus word je dik	";0;"te veel doen dan je lichaam aan kan	";0;;;;;;;;;;;;
2;Er zijn verschillende factoren die de kans op een hartinfarct vergroten. Twee van die factoren zijn stress en roken.;Noteer nog twee andere factoren die de kans op een hartinfarct vergroten.;Oorzaak 1:;Voorbeelden van juiste factoren zijn: overgewicht, te grote inspanning, erfelijke aanleg;Oorzaak 2:;Voorbeelden van juiste factoren zijn: overgewicht, te grote inspanning, erfelijke aanleg;4;Oorzaak 1:;overgewicht hebben, alsje overgwicht hebt kan het hart het minder gemakkelijk aan allemaal en is erg ongezond ;Oorzaak 2:;gebruik van drugs en alcohol, als je veel hiervan gebruikt gaat je hard hier ook van achteruit en kan het mischien ook oplopen tot een overdosses;1;0;1;82;erg, ongezond, minder, gemakkelijk;overgwicht, ongezond;veel, gebruikt, hard;drugs, alcohol, overdosses;8;2;"te veel vet om het hart	";0;"Als je te weinig in beweging bent kan je overgewicht krijgen omdat je dan ook vaak gaat snoepen op de bank.	";1;Door weinig te bewegen en overgewicht te hebben .;1;0;10;het gebruik van alcohol en drugs kan de kans ook vergroten;0;drank en drugs;0;"veel drugs gebruik	";0;;;;;;;;;;;;
2;Er zijn verschillende factoren die de kans op een hartinfarct vergroten. Twee van die factoren zijn stress en roken.;Noteer nog twee andere factoren die de kans op een hartinfarct vergroten.;Oorzaak 1:;Voorbeelden van juiste factoren zijn: overgewicht, te grote inspanning, erfelijke aanleg;Oorzaak 2:;Voorbeelden van juiste factoren zijn: overgewicht, te grote inspanning, erfelijke aanleg;5;Oorzaak 1:;Als je teveel eet niet bewegen , doordat je teveel eet en niet gaat bewegen blijft het natuurlijk ook gewoon nog allemaal goed in je lichaam zitten.;Oorzaak 2:;Als er iets in  je hersens niet meer goed funconeert naar je hart toe , kan dit ook oplopen op een hartinfarct doordat je bepaalde dingen niet meer naar je hart toe  krijgt.;0;0;0;79;niet, bewegen, eet, en;teveel;niet, funconeert, oplopen;hersens, hart;4;6;"Weinig beweging. Als je veel vet eet en niet voldoende beweegt kan dit ook gebeuren.	";1;"ongezond eten en niet veel bewegen	";0;"te gezond eten (de voedingstoffen die je nodig hebt niet eten)	";0;0;10;"een gaatje in je hart of een klepje die niet meer zo goed werkt	";0;"kan dat binnen in het hart iets kapot is en daardoor een hartinfarct krijgt	";0;als je hartkleppen niet meer goed sluiten;0;;;;;;;;;;;;
2;Er zijn verschillende factoren die de kans op een hartinfarct vergroten. Twee van die factoren zijn stress en roken.;Noteer nog twee andere factoren die de kans op een hartinfarct vergroten.;Oorzaak 1:;Voorbeelden van juiste factoren zijn: overgewicht, te grote inspanning, erfelijke aanleg;Oorzaak 2:;Voorbeelden van juiste factoren zijn: overgewicht, te grote inspanning, erfelijke aanleg;6;Oorzaak 1:;door het vet eten kunnen je bloedvatten dicht slippen, omdat door vet eten je bloedvaten kleiner worden.;Oorzaak 2:;ook door veel vet eten kan er verkalking onstaan in je bloedvatten en dan kan er helemaal geen bloed meer door je bloedvat heen stromen waar de verkalking plaats vind;0;0;0;73;kleiner, worden, omdat;vet, bloedvaten, bloedvatten;geen, veel, bloed;verkalking, vet, eten;5;5;"niet gezond eten gaat de bloedvaten snellen van dicht	";0;"je aderen worden dunner door veel vet	";0;Weinig beweging. Als je veel vet eet en niet voldoende beweegt kan dit ook gebeuren;1;1;9;door veel vet eten krijg je weinig voedings stoffen binnen en dit heb je nodig voor gezond bloed;0;vet laat het bloed langzamer stromen;0;"weinig beweging, dan verbrand je geen vet dus dat vet moet dan ergens heen en gaat dan in je bloedvaten zitten	";1;;;;;;;;;;;;
2;Er zijn verschillende factoren die de kans op een hartinfarct vergroten. Twee van die factoren zijn stress en roken.;Noteer nog twee andere factoren die de kans op een hartinfarct vergroten.;Oorzaak 1:;Voorbeelden van juiste factoren zijn: overgewicht, te grote inspanning, erfelijke aanleg;Oorzaak 2:;Voorbeelden van juiste factoren zijn: overgewicht, te grote inspanning, erfelijke aanleg;7;Oorzaak 1:;Een hartinfarct kan voorkomen als er veel stollingen in de bloedvaten voorkomen.;Oorzaak 2:;Ook kun je een hartinfarct krijgen als je bijvoorbeeld ademhalingsproblemen hebt. Dat komt omdat er dan te weinig zuurstof aan het hart wordt geleverd. Hierdoor kan u flauwvallen of een hartinfarct krijgen.;0;0;0;85;hartinfarct, in;bloedvaten, veel, stollingen;weinig, hart, hartinfarct;ademhalingsproblemen, zuurstof;3;7;bloedvaten als een bloedpropje zit heb je een kans op een hartinfarct;0;Een ander factor die de kans op hartinfarct kan vergroten is door niet te bewegen.;1;"als je een knoop hebt in de bloedvaten waardoor het bloed niet kan doorstromenn 	";0;3;7;roken dan worden de longblaasjes in je longen kapot gemaakt en krijg je niet genoeg zuurstof, als het hart niet genoeg zuurstof krijgt kan je een hartinfarct krijgen;1;Doordat er zuurstof te kort is en die afsterft van een stuk hartspier.;0;"als er weinig zuurstof door het hart pompt	";0;;;;;;;;;;;;
2;Er zijn verschillende factoren die de kans op een hartinfarct vergroten. Twee van die factoren zijn stress en roken.;Noteer nog twee andere factoren die de kans op een hartinfarct vergroten.;Oorzaak 1:;Voorbeelden van juiste factoren zijn: overgewicht, te grote inspanning, erfelijke aanleg;Oorzaak 2:;Voorbeelden van juiste factoren zijn: overgewicht, te grote inspanning, erfelijke aanleg;8;Oorzaak 1:;mensen die top sporters zijn hebben een gooter hart dan mensen die niet vaakporten omdat het hart grooter is kan je sneller risico loopen dat je ee hartinfact krijgt;Oorzaak 2:;al je altijd zwaare dingen verkeert op tilt heb je de kans dat er vanbinneniets scheurt en dat je dan een hatinfarct kijgt   ;0;1;1;80;mensen, sporters, vaakporten;risico, hart;verkeert, scheurt;zwaare, dingen, tilt;4;6;je hart ovrbelasten door te zwaar te sporten;1;veel inspanning , dus als je veel stresst meer dan normaal kan het zijn dat je hart daar niet tegen kunt;1;de maag moet sneller verteren en het bloed harder stromen dus gaat je hart harder pompen;0;9;1;erfelijke ziektes;1;als mensen in uw familie ook hartinfarcten hebben. dus erfelijk.;1;"ziektes die je aderen aantasten	";0;;;;;;;;;;;;
2;Er zijn verschillende factoren die de kans op een hartinfarct vergroten. Twee van die factoren zijn stress en roken.;Noteer nog twee andere factoren die de kans op een hartinfarct vergroten.;Oorzaak 1:;Voorbeelden van juiste factoren zijn: overgewicht, te grote inspanning, erfelijke aanleg;Oorzaak 2:;Voorbeelden van juiste factoren zijn: overgewicht, te grote inspanning, erfelijke aanleg;9;Oorzaak 1:;geen beweging. Als je niet beweegt dan blijf je aankomen. aangezien obessitas de kans vergroot moet je wel blijven bewegen. ;Oorzaak 2:;van familie ge erft. als iemand in je familie al problemen heeft met hartinfarcten dan is er een grotere kans dat jij dat hebt ge erft ;1;1;2;85;als, beweging;obessitas, vergroot;problemen, hartinfarcten, grotere;erft, familie;9;1;"Weinig beweging. Als je veel vet eet en niet voldoende beweegt kan dit ook gebeuren.	";1;Als je teveel eet niet bewegen , doordat je teveel eet en niet gaat bewegen blijft het natuurlijk ook gewoon nog allemaal goed in je lichaam zitten.;0;"te weinig bewegen (vooral als je veel en vet eet)	";1;9;1;erfelijke ziektes;2;als mensen in uw familie ook hartinfarcten hebben. dus erfelijk.;2;"ziektes die je aderen aantasten	";0;;;;;;;;;;;;
2;Er zijn verschillende factoren die de kans op een hartinfarct vergroten. Twee van die factoren zijn stress en roken.;Noteer nog twee andere factoren die de kans op een hartinfarct vergroten.;Oorzaak 1:;Voorbeelden van juiste factoren zijn: overgewicht, te grote inspanning, erfelijke aanleg;Oorzaak 2:;Voorbeelden van juiste factoren zijn: overgewicht, te grote inspanning, erfelijke aanleg;10;Oorzaak 1:;door als jouw bloedvaten gaan verkalken waardoor bloed kan gaan stollen en als het gaat stollen pompt je bloed niet goed door;Oorzaak 2:;als je te veel vet neemt werkt je hart minder goed en trekt zich harder samen en dat is niet goed voor het hart;0;0;0;75;goed, niet, bloedvaten;verkalken, stollen, bloed;niet, werkt, goed;harder, veel, vet;1;9;"	als je een knoop hebt in de bloedvaten waardoor het bloed niet kan doorstromenn 	";0;als je bloedvaten stollen;0;"Door vernauwing van de bloedvaten	";1;2;9;"	rond om het hart zit ook vet opgeslagen als daar te veel vet om heen zit kan het hart steeds moeilijker het bloed door je lichaam pompen.	";0;te ongezond eten waardoor je hart het niet meer allemaal goed wegkrijgt.;0;"dikker zijn omdat de hart dan harder werkt dan normale harten	";1;;;;;;;;;;;;
3;Bloemen van het kruidje-roer-mij-niet hebben kenmerken van bestuiving door de wind en kenmerken van bestuiving door insecten. ;Geef van beide vormen van bestuiving een voorbeeld van een kenmerk.;Kenmerk van windbestuiving: ;Meeldraden hangen buiten de bloem;Kenmerk van insectenbestuiving:;De bloem heeft een opvallende kleur;1;Kenmerk van windbestuiving: ;als de plant door de wind wordt bestoven dan gaat dat zo: je wind neemt een stuifmeel korrel mee en de stuifmeel korrels fladderen zomaar ergens heen en dat vald ergens op de grond en daar komt dan een nieuwe plant, zo gaat de windbestuiving. dus dan heb je overal verschillende planten die bestoven zijn door de wind je kan het ook aan de pland zien want die staan meestal aan het water;Kenmerk van insectenbestuiving:;een insectenbestuiving dat doe een diertje die op de pland gaat zitten en neemt stuivmeel korrels mee naar een andere bloem en die wordt dan bestoven, en die bloemen staan meestal in tuinen;0;0;0;87;plant, wind planten, windbestuiving;stuifmeel;diertje, insectenbestuiving, neemt;bloem, bloemen;0;10;als die wind erlaangst gaat en bijvoorbeeld wind naar de plant kom;0;doordat er wind langs de plant gaat neemt de wind zaatjes mee die zaatjes komen op de grond terecht en zo groeit er een nieuwe plant;0;bij een wind bestuiving vliegen de zaadjes van de plant op de grond als er een wind voorbij komt.;0;2;8;De insect die laat stuifmeel achter op ander bloemen en daardoor vind er bestuiving plaats;0;gaat via de insect die gaat dan op de bloem zitten om te bestuiven;1;gaat via de insect die gaat dan op de bloem zitten om te bestuiven;1;;;;;;;;;;;;
3;Bloemen van het kruidje-roer-mij-niet hebben kenmerken van bestuiving door de wind en kenmerken van bestuiving door insecten. ;Geef van beide vormen van bestuiving een voorbeeld van een kenmerk.;Kenmerk van windbestuiving: ;Meeldraden hangen buiten de bloem;Kenmerk van insectenbestuiving:;De bloem heeft een opvallende kleur;2;Kenmerk van windbestuiving: ;door de wind kunnen stuifmeelkorrels op andere bloemen terecht komen want als de wint blaast dan gaan de stuifmeelkorrels mee;Kenmerk van insectenbestuiving:;Door insecten kunnen stuifmeelkorrels op andere bloemen terecht komen doordat de insect in een bloem gaat dan blijven er stuifmeelkorrels aan zijn lijf plakken en zo doet die dat weer bij de ander en zo vind er ook bestuiving plaats;0;1;1;74;wind, blaast, door;bloemen, stuifmeelkorrels;insecten, insect, kunnen bestuiving, lijf;bloemen, bloem, plakken;0;10;door de wind kunnen stuifmeelkorrels op andere bloemen terecht komen want als de wint blaast dan gaan de stuifmeelkorrels mee;0;door de windt waait de stuifmeel op andere bloemen en zo bestuiven de bloemen;0;door de wind worden stuifmeel overgebracht naar andere bloemen;0;1;9;als een insect op de bloem land blijven de stuifmeel korrels aan het insect plakken waardoor ze het meenenmen naar een andere bloem;0;dan kunnen insecten de korrels in een ander bloem doen en dan is de bloem ook bestuift;0;de insect gaat in de bloem zitten daardoor komt de stuifmeel op de insect, De insect gaat op een andere bloem zitten en word daardoor Bevrucht;1;;;;;;;;;;;;
3;Bloemen van het kruidje-roer-mij-niet hebben kenmerken van bestuiving door de wind en kenmerken van bestuiving door insecten. ;Geef van beide vormen van bestuiving een voorbeeld van een kenmerk.;Kenmerk van windbestuiving: ;Meeldraden hangen buiten de bloem;Kenmerk van insectenbestuiving:;De bloem heeft een opvallende kleur;3;Kenmerk van windbestuiving: ;windbestuiving is wanner de wind ervoor zorgt dat de stuifmeelkorels op een andere plant terecht komen waardoor er bestuiving onstaat, windbestuiving planten hebben geen velle kleur waardoor er geen insecten op afkomen dus zorgt de wind daarvoor;Kenmerk van insectenbestuiving:;insectenbestuiving is wanneer een instect naar de mannelijke geslachtsorganen gaat om daar de stuifmeelkorrels te pakken en over te plaatsten naar de vrouwelijke geslachtsorganen waardoor er een insectenbestuiving onstaat .daarnaarst zijn de bloemen met velle kleuren waardoor insecten er snel op afkomen;0;1;1;94;windbestuiving, wind ;plant, planten, stuifmeelkorrels;stuifmeelkorrels, insectenbestuiving;kleuren, bloemen, velle;5;5;bij windbestuivig komt de stuifmeel vrij. die gaat door middel van de wind naar de andere windbloem;0;wind bestuiving vindt plaats als de wind waait en de bestuiving weg vliegt van de plant totdat het op een andere plant terechtkomt;0;bij windbestuiving komen er stijfmeelkorrels in de wind en dan vallen die op andere plante en insecten;1;1;9;insectenbestuiving zijn insecten die op de bloem gaan zitten en daar het regelen;0;een insect laat het bestuiven dus geslachtelijk;0;de insect gaat in de bloem zitten daardoor komt de stuifmeel op de insect, De insect gaat op een andere bloem zitten en word daardoor Bevrucht;1;;;;;;;;;;;;
3;Bloemen van het kruidje-roer-mij-niet hebben kenmerken van bestuiving door de wind en kenmerken van bestuiving door insecten. ;Geef van beide vormen van bestuiving een voorbeeld van een kenmerk.;Kenmerk van windbestuiving: ;Meeldraden hangen buiten de bloem;Kenmerk van insectenbestuiving:;De bloem heeft een opvallende kleur;4;Kenmerk van windbestuiving: ;door de wind gaan er klijnen stuivmeel korels er van af als die tegen een anderen bloem tegen aan waait dan kan die bloem bestuif worden door die stuivmeel en dat komt allen maal door de wind&nbsp;Kenmerk van insectenbestuiving:;een insect gaat op een bloem er blijft stuivmeel op zitten de insect vliegt naar een anderen bloem en die is dan bevrucht ge raakt door de stuifmeel van de anderen bloem;0;1;1;78;wind, bestuif;bloem, stuivmeel, korels;insect, anderen, gaat;bloem, zitten, op;0;10;de stuifmeelkorels waaien als er wind is naar een anderen bloem;0;door de wind gaan de korels in de lucht dan kan een ander bloem bestuiven;0;de meeldraden maken stuifmeel dat op een stamper van een andere bloem kan terechtkomen zo bevindt er windbestuiving;0;5;5;de insect gaat in de bloem zitten daardoor komt de stuifmeel op de insect, De insect gaat op een andere bloem zitten en word daardoor Bevrucht;1;er komt een insect in de bloem die loopt door de stuifmeel en de stuifmeel blijft vast plakken aan de insect en de insect gaat naar een andere bloem en zo wordt de andere bloem bestuift;0;een insect gaat op de bloem zitten en dan komen er stuivmeel korrels op het insect zijn lichaam en die gaat wee naar een andere plant om het te bestuiven;1;;;;;;;;;;;;
3;Bloemen van het kruidje-roer-mij-niet hebben kenmerken van bestuiving door de wind en kenmerken van bestuiving door insecten. ;Geef van beide vormen van bestuiving een voorbeeld van een kenmerk.;Kenmerk van windbestuiving: ;Meeldraden hangen buiten de bloem;Kenmerk van insectenbestuiving:;De bloem heeft een opvallende kleur;5;Kenmerk van windbestuiving: ;door de windt waaid de nectat van de bloem af door de windt komt die bij een andere bloem bij de stamper daar door vindt er door de windt bestuiving plaats;Kenmerk van insectenbestuiving:;de bloem heeft mooie kroonbladeren door dat worden de insecten aangetroken de insecten gaan op de bloem zitten de incecten zijjn opzok naar nectar de meeldraadjes blijven kleven aan het incetje de incet gaat naar de andere bloek de meeldraadjes gaan daar op de stamper door dat vindt er insectenbestuivingplaats;0;1;1;85;windt, waait, stamper;bloem, nectat;insecten, zitten;bloem, mooie, kroonbladeren;5;5;de wind waait de bloem waardoor de stuifmeel naar andere bloem op zijn stamper terecht komt;0;door de wind vord het stuifmeel overgebracht van de ene bloem naar de andere bloem<br>bij de windbloem zitten de mildraden buiten;1;de stamper met nectar steekt boven de bloem uit dus als er wind komt waait dat over naar de anderen bloemen;1;5;5;het insect land met het stuivmeel op de bloem waardoor het op de bloem terecht komt;0;gaat via de insect die gaat dan op de bloem zitten om te bestuiven;1;mooi gekleurde bloem waar insecte kraag na toe gaan en nemne ze de bestuiving mee;1;;;;;;;;;;;;
3;Bloemen van het kruidje-roer-mij-niet hebben kenmerken van bestuiving door de wind en kenmerken van bestuiving door insecten. ;Geef van beide vormen van bestuiving een voorbeeld van een kenmerk.;Kenmerk van windbestuiving: ;Meeldraden hangen buiten de bloem;Kenmerk van insectenbestuiving:;De bloem heeft een opvallende kleur;6;Kenmerk van windbestuiving: ;Ze hebben niet echt een kleur want ze hebben geen bladgroenkorrels. Maar ze hebben wel veel cellen want als het door de wind meegaat is er een kleine kans dat het precies op die bloem land dus daarom heeft ie extra veel cellen zodat ie door de wind bestoven kan worden.;Kenmerk van insectenbestuiving:;Ze zijn heel kleurijk en daardoor voelen insecten zich aangetrokken tot de bloem en dan gaan ze der juist heen;0;1;1;77;hebben, geen, veel, cellen;bladgroenkorrels, bloem;voelen, insecten, aangetrokken;kleurrijk, bloem;5;5;Deze bloemen hebben weinig kleur en bestuiven elkaar door de wind. Hierbij zijn dus geen insecten voor nodig;1;door de wind worden alle cellen van de bloem weg geblazen door de wind en daardoor worden ook op veel andere plekken door de wind planten op andere plekken bestoven;0;er zijn veel soorten maar een daarvan is dat ze ze uit de bloem vallen zodat de wind er makkelijk bijkan;1;9;1;insecten komen er meestal op af door de gekleurde bloemen;1;insecten gaan af op bloemen met velle kleuren;1;door dat de insecten nectar meenenemen van verschillende bloemen krijg je verschillende kleuren bloemen;0;;;;;;;;;;;;
3;Bloemen van het kruidje-roer-mij-niet hebben kenmerken van bestuiving door de wind en kenmerken van bestuiving door insecten. ;Geef van beide vormen van bestuiving een voorbeeld van een kenmerk.;Kenmerk van windbestuiving: ;Meeldraden hangen buiten de bloem;Kenmerk van insectenbestuiving:;De bloem heeft een opvallende kleur;7;Kenmerk van windbestuiving: ;als de wind gaat waaie dan gaan de bestuiving naar een andere plant die dan bevrucht word of bijvoorbeeld er is een plant die zaad aan maakt van de zelfde plant en als he gaat waaie dan gaan de zaden er van afvallen in de grond en dan groeie ze weer naar boven;Kenmerk van insectenbestuiving:;als een insect een bij bijvoorbeeld nectar gaat pakken van een plant die plant doet de bestuiving op zijn lichaam en als die naar een andere plant gaat valt de bestuiving er van af en dan is de plant vruchtbaar;0;1;1;84;wind, zaden, zaad;plant, bevrucht, waaie;bestuiving, pakken, lichaam, insect;plant, nectar;0;10;als een plant windbestuiving doet dat doet de wind de zaden van de plant mee nemen en ergens anders de zaden laten valen;0;bij wind bestuiving waaid het dan heel hard en komt de bestuiving los van de bloem of het zaadje en waait het weg naar een andere grond en daar komt die dan op te vallen en daarvan komt er een nieuwe plantje of bloementje;0;als de bestuiving met de wind mee waait en dan op de grond ergens komt te liggen kan het zaadje een plant worden;0;5;5;een insect land op de plant krijgt nectar op zich en gaat naar een andere plant het blijft plakken aan de insect dus daarom geeft de insect het door aan de andere planten;0;een insect gaat op de bloem zitten en dan komen er stuivmeel korrels op het insect zijn lichaam en die gaat wee naar een andere plant om het te bestuiven;1;door de nectar dat in de bloem zit komen er insecten op af als dan de insect over vliegt naar een ander bloem dan heb je insectenbestuiving;1;;;;;;;;;;;;
3;Bloemen van het kruidje-roer-mij-niet hebben kenmerken van bestuiving door de wind en kenmerken van bestuiving door insecten. ;Geef van beide vormen van bestuiving een voorbeeld van een kenmerk.;Kenmerk van windbestuiving: ;Meeldraden hangen buiten de bloem;Kenmerk van insectenbestuiving:;De bloem heeft een opvallende kleur;8;Kenmerk van windbestuiving: ;De paardenbloem heeft soortvan loshangende haartjes wat door de wind word weggeblazen en doordat het word weggeblazen kunnen de haartjes komen op een andere bloem.;Kenmerk van insectenbestuiving:;De zonnebloem word bestuivd door een bij of een hommel omdat er nectar in zit, doordat de bij de zonnebloem bestuivd en daarna naar een ander soort bloem gaat en het andere bloem bestuivd, is er sprake van insectenbestuiving;1;1;2;76;heeft, loshangende, wind, haartjes;loshangende, bloem, paardenbloem;bestuivd, nectar, word, hommel;bloem, zonnebloem;5;5;De paardenbloem heeft soortvan loshangende haartjes wat door de wind word weggeblazen en doordat het word weggeblazen kunnen de haartjes komen op een andere bloem.;1;de bloem laat zlef de bestuiving vallen en word door de wind mee genomen en als het dan op de goede plaats licht komt er weer een nieuwe bloem van die bestuiving. Denk bijvoorbeeld aan een paardenbloem;0;bloemen die wat minder opvallen met een wat minder sterkere kleur en je ziet bijvoorbeeld de zaatjes van de bloem die makkelijk mee geblazen kunnen worden door de wind net als bij bijvoorbeeld een paarden bloem die al helemaal wit is;1;5;5;De zonnebloem word bestuivd door een bij of een hommel omdat er nectar in zit, doordat de bij de zonnebloem bestuivd en daarna naar een ander soort bloem gaat en het andere bloem bestuivd, is er sprake van insectenbestuiving.;1;instecten komen op bloemen af en word de bestuiving mee genomen door meestal de bijen. Denk bijvoorbeeld aan een zonnebloem;0;bijen wespen halen nectar uit de bloem en leggen dit op een andere bloem van het zelfde soort;0;;;;;;;;;;;;
3;Bloemen van het kruidje-roer-mij-niet hebben kenmerken van bestuiving door de wind en kenmerken van bestuiving door insecten. ;Geef van beide vormen van bestuiving een voorbeeld van een kenmerk.;Kenmerk van windbestuiving: ;Meeldraden hangen buiten de bloem;Kenmerk van insectenbestuiving:;De bloem heeft een opvallende kleur;9;Kenmerk van windbestuiving: ;de stuifmeelkorrels worden door de wind mee genomen en zo worden ze ook verplaats en kunnen ze op andere planten terecht komen en bestuiven ze die plant;Kenmerk van insectenbestuiving:;insectenbestuiving is bestuiving dat door insecten gedaan word (bijvoorbeeld) de bij ziet een bloem hij verzameld het stuifmeel en soms laat ie wat stuifmeel vallen omdat er ook wat aan zijn achterwerk kan zitten en hij gaat ook van plant naar plant dus daardoor kan bestuiving bij andere planten ontstaan.;0;0;0;83;bestuiven, plant, planten;stuifmeelkorrels, verplaats;insectenbestuiving, verzameld, stuifmeel, bestuiving, planten;bloem;0;10;de stuifmeelkorrels worden door de wind mee genomen en zo worden ze ook verplaats en kunnen ze op andere planten terecht komen en bestuiven ze die plant;0;als het waait dan kunnen die zaadjes of stuifmeel naar een andere plant waaien en die dan bestuiven;0;het vervorderen gaat via de wind op andere planten;0;1;9;bij een insectenbestuiving wordt de plant of bloem bestuift door de insect met stuifmeel korrels;0;bij insectenbestuiving geven de insecten de zaadjes van bloem naar bloem;0;insecten halen het stuifmeel op en gaan naar anderen bloemen om te bestuiven;1;;;;;;;;;;;;
3;Bloemen van het kruidje-roer-mij-niet hebben kenmerken van bestuiving door de wind en kenmerken van bestuiving door insecten. ;Geef van beide vormen van bestuiving een voorbeeld van een kenmerk.;Kenmerk van windbestuiving: ;Meeldraden hangen buiten de bloem;Kenmerk van insectenbestuiving:;De bloem heeft een opvallende kleur;10;Kenmerk van windbestuiving: ;als de wind hard genoeg blaast en de bloem stuifmeel op de bloem heeft waait het stuifmeel van het bloemetje naar een andere bloem zijn stamper en zo zou windbestuiving plaats kunnen vinden;Kenmerk van insectenbestuiving:;bijvoorbeeld een hommel die in de stamper van een bloem klimt en daar op ze lichaam stuifmeel heeft bijvoorbeeld of het pakt en die dan naar het volgende bloemetje gaat kan de stuifmeel die de hommel heeft in de bloem gaan;0;0;0;70;windbestuiving, wind;bloem, stuifmeel, bloemetje;stamper, stuifmeel, op;bloem, bloemetje, klimt;2;8;Als de wind de stuifmeelkorrels weg waait naar een andere bloem en die bloem wordt bevrucht heeft dat te maken met windbestuivin;0;bij wind bestuiving laat het stuifmeel los van de bloem en waait mee met de wind naar een andere bloem;0;de wind brengt het stuifmeel van de ene bloem naar de andere bloem;1;2;8;Bijvoorbeeld beien pakken het stuifmeel van een bloem en vliegen door naar een andere bloem dan laten ze wat stuifmeel achter en zo word de bloem bestuifd;0;als bijvoorbeeld een bij stuifmeel korrels op zijn achter poten heefd en hij gaat daarmee op een andere bloem zitten komt dat op die andere bloem terecht;1;dat is als een diertje stuifmeel meeneemt en naar de andere bloem brengt dat is insectenbestuiving;0;;;;;;;;;;;;
4;Waarschijnlijk ontstaat een aanval van inspanningsastma door het sterk afkoelen van het ademhalingsstelsel. Het advies is om minder door de mond te ademen en meer door de neus. In de neus wordt de lucht verwarmd.;Noem twee andere voordelen van ademhalen door de neus in plaats van door de mond.;Voordeel 1:;Voorbeelden van juiste voordelen: de lucht wordt bevochtigd, de lucht wordt gekeurd, de lucht wordt gezuiverd.;Voordeel 2:;Voorbeelden van juiste voordelen: de lucht wordt bevochtigd, de lucht wordt gekeurd, de lucht wordt gezuiverd.;1;Voordeel 1: ;omdat in de neus heb je trilharen , trilharen zorgen ervoor dat er deeltjes van een ziekteverwekker tegen wordt gehouden. bacterien ook. Zo komen ze niet makkelijk in de neus .;Voordeel 2: ;Want stel je gaat sporten dan kan je niet meer zo goed ademhalen , Je lucht dan via je mond waardoor je slokdarm ook in aanraking komt en je longen waardoor het kans op een long ziekte heel groot is , zo hebben de bacterien in je lichaam veel meer tijd om je ziek te kunnen maken;1;0;1;88;trilharen, neus, niet, makkelijk;bacterien, deeltjes;long, ziekte, sporten, niet, ademhalen;bacterien, lucht;8;2;in je neus zitten trilhaarcellen en dat beschermd je tegen kleine stofjes of juist bacterieen die je meeademt;1;in je neus zitten trilharen die houden bacterien en virussen tegen, waardoor je minder snel ziek wordt.;1;"door de trilharen inje neus verlaten de meeste ziekteverwekkers je lichaam weer ( komen ze niet binnen )	";0;3;7;"als je bij de mond adem jij kan ziek worden want bij mond adem jij meer bacterien omdat in de lucht zitten veel van bacterien.	";0;als je door je mond ademt neem je veel zuurstof binnen en kan je niet goed ademen.;0;"alle bacterien die dan in de lucht hangen en jij gaat door je neus ademhalen gaan die bacterien niet verder want je heb neusharen en die beschermen je tegen bacterien	";1;;;;;;;;;;;;
4;Waarschijnlijk ontstaat een aanval van inspanningsastma door het sterk afkoelen van het ademhalingsstelsel. Het advies is om minder door de mond te ademen en meer door de neus. In de neus wordt de lucht verwarmd.;Noem twee andere voordelen van ademhalen door de neus in plaats van door de mond.;Voordeel 1: ;Voorbeelden van juiste voordelen: de lucht wordt bevochtigd, de lucht wordt gekeurd, de lucht wordt gezuiverd.;Voordeel 2:;Voorbeelden van juiste voordelen: de lucht wordt bevochtigd, de lucht wordt gekeurd, de lucht wordt gezuiverd.;2;Voordeel 1: ;waarom je beter door je neus kan ademen in omdat je neusharen je beschermt van stofjes of bactieren dus die kunnen dan minder snel binnekomen.;Voordeel 2: ;waarom je beter door de lucht kan ademen is omdat door je neus kan je ook ruiken, en de lucht word warmer door als je door je neus ademt dan door je mond;1;0;1;76;ademen, neus, beter, beschermt;bactieren, stofjes;beter, neus, ruiken;lucht, warmer;8;2;"als je door je neus ademend houden je neusharen bacterien en stofdeeltjes tegen .. en als je het door je mond andemt niet.		";1;"een voordeel van door je neus ademen is dat je neusharen de bacterin en ziektevrwekkers buiten houdt	";0;als je door de neus ademt houdt dat grote en gevaarlijke stoffen tegen door de neusharen, zo word je dus minder snel ziek;1;3;7;Door de neus in ademen is de lucht warmer dat is beter voor je longen;1;"door je neus ademen is ook fijner in plaats van door je mond te ademen	";0;"en in je neus wordt de lucht verwarmd door je neus ga je dan rustiger ademen via je buik ademen en je via dan je neus	";1;;;;;;;;;;;;
4;Waarschijnlijk ontstaat een aanval van inspanningsastma door het sterk afkoelen van het ademhalingsstelsel. Het advies is om minder door de mond te ademen en meer door de neus. In de neus wordt de lucht verwarmd.;Noem twee andere voordelen van ademhalen door de neus in plaats van door de mond.;Voordeel 1:;Voorbeelden van juiste voordelen: de lucht wordt bevochtigd, de lucht wordt gekeurd, de lucht wordt gezuiverd.;Voordeel 2:;Voorbeelden van juiste voordelen: de lucht wordt bevochtigd, de lucht wordt gekeurd, de lucht wordt gezuiverd.;3;Voordeel 1: ;In de neus worden ziekteverwekkers en bacterien tegen gehouden door het slijm in de neus. Ze blijven aan het slijm plakken en komen zo ook nietin de longen terecht.;Voordeel 2: ;Als je eerst inademt door je neus dan ga je minder snel hyperventileren, want vaak als je snel in en uit je mond ademt ga je hyperfentileren en als je eerst met je neus inademt en via je mond uitademt dan hyperventileer je niet of niet snel. ;1;0;1;91;nietin, blijven, neus;bacterien, longen, ziekteverwekkers;snel, minder, ademt, mond;inademt, hyperventileren;5;5;in de neus zitten neushaartjes en die houden bacterieen tegen en ziekteverwekkende stoffen;0;in de neus worden de bacterien niet meegnomen door de neushaartjes;1;"In je neus zit het neusslijmvlies, ziekteverwekkers blijven vast kleven aan dit neusslijmvlies als je door je neus ademhaalt.	";1;0;10;als je ademt door je mond dan kan het soms zijn dat je hart veel sneller gaat en dat heb je niet bij neus;0;door neus kan je sneller adem halen.als je via mond ademt krijg je vaak dorst en je krijg benauwd;0;"door neus kan je sneller adem halen. \r\nals je via mond ademt krijg je vaak dorst en je krijg benauwd	";0;;;;;;;;;;;;
4;Waarschijnlijk ontstaat een aanval van inspanningsastma door het sterk afkoelen van het ademhalingsstelsel. Het advies is om minder door de mond te ademen en meer door de neus. In de neus wordt de lucht verwarmd.;Noem twee andere voordelen van ademhalen door de neus in plaats van door de mond.;Voordeel 1: ;Voorbeelden van juiste voordelen: de lucht wordt bevochtigd, de lucht wordt gekeurd, de lucht wordt gezuiverd.;Voordeel 2:;Voorbeelden van juiste voordelen: de lucht wordt bevochtigd, de lucht wordt gekeurd, de lucht wordt gezuiverd.;4;Voordeel 1: ;in je neus zitten haatjes als je via je neus gaat ademen dan blijven alle stoffen die in de lucht waren vast aan die haartjes;Voordeel 2: ;je hebt ook slijm als je via je neus gaat ademen aan die slijm blijven alle bactieen vast en komt de lucht in je longen zonder stoffen en bactieen maar als je het via je mond doet dan komt alles in je longen;1;1;2;79;neus, haartjes;ademen, stoffen, lucht;ademen, slijm, neus, via, mond;lucht, longen;8;2;"als je ademt via de neus dan blijven de meeste viezigheid aan de neus haartjes hangen	";1;"de haartjes voor in de neus houden vieze stofdeeltjes tegen die je inademt	";1;door de haartjes en slijm in je neus worden alle onodige stofjes niet ingeademt;0;5;5;"je kan hanidger door je neus ademen	";0;"door je neus ademen komt er geen droge lucht binen via de mond wel	";1;"je neus word niet droger bij elke adem die je neemt maar bij de mond wel	";1;;;;;;;;;;;;
4;Waarschijnlijk ontstaat een aanval van inspanningsastma door het sterk afkoelen van het ademhalingsstelsel. Het advies is om minder door de mond te ademen en meer door de neus. In de neus wordt de lucht verwarmd.;Noem twee andere voordelen van ademhalen door de neus in plaats van door de mond.;Voordeel 1:;Voorbeelden van juiste voordelen: de lucht wordt bevochtigd, de lucht wordt gekeurd, de lucht wordt gezuiverd.;Voordeel 2:;Voorbeelden van juiste voordelen: de lucht wordt bevochtigd, de lucht wordt gekeurd, de lucht wordt gezuiverd.;5;Voordeel 1: ;als je door je neus ademt gaat het wat makkelijker en sneller dan een grote hap de ademen via je mond want soms veel moeite kost op in een keer veel lucht naar binnen te krijgen voor mensen met astma is dat vooral heel vermoeiend soms;Voordeel 2: ;de haren in de neus zorgen eingelijk voor alles zoals de warmte in je mond is dat niet zo dit is beter voor mensen met astma.;0;0;0;94;veel, lucht, astma, vermoeiend, neus;makkelijker;haren, neus, warmte, alles, voor;beter, astma;1;9;er stroomt veel meer lucht in je neus dan in je mond.als je via je mond ademt kan je erg vermoeid raken;0;"als je door je neus ademt kun je makkelijker zuurstof naar binnen zuigen. omdat je dan met je buik kunt inademen	";0;als je door je neus ademhaalt word je niet zo snel ziek dan dat je door je mond ademhaalt;1;4;6;"in de neus wordt de lucht verwarmd in je mond niet daardoor kan je ook minder snel keelpijn oplopen	";0;door je neus komt het niet gelijk in je luchtpijp. maar gaat het eerst nog door de neusholtes. daardoor is het warmer;1;je kan lastiger ademen door je mond dan door je neus tijdens een astma;0;;;;;;;;;;;;
4;Waarschijnlijk ontstaat een aanval van inspanningsastma door het sterk afkoelen van het ademhalingsstelsel. Het advies is om minder door de mond te ademen en meer door de neus. In de neus wordt de lucht verwarmd.;Noem twee andere voordelen van ademhalen door de neus in plaats van door de mond.;Voordeel 1: ;Voorbeelden van juiste voordelen: de lucht wordt bevochtigd, de lucht wordt gekeurd, de lucht wordt gezuiverd.;Voordeel 2:;Voorbeelden van juiste voordelen: de lucht wordt bevochtigd, de lucht wordt gekeurd, de lucht wordt gezuiverd.;6;Voordeel 1: ;Je neus is een soort filter die alle slechte stofdeeltjes buiten houd. Zodat je alleen goede stoffen binnen krijgt en zodat je geen ziektes oploopt.;Voordeel 2: ;De lucht in je neus word verwarmt zodat als je het koud krijgt dat je minder kou in je neus hebt en niet zo snel ziek word, zodat als je bacterien in je neus hebt die ook worden gedood.;1;0;1;85;neus, filter, goede;stofdeeltjes, stoffen;ziek, bacterien;verwarmt, minder, kou;10;0;Je neus heeft neusharen die je beschermen tegen slehte stofjes.;0;je neus houd stofdeeltjes tegen;0;in de neus zitten neusharen dat houdt stofdeeltjes/vuil tegen.;0;5;5;"doordat het lucht wordt verwarmd in de neus gaan de bacterien dood in de neus	";1;in de neus wordt de lucht verwarmd in je mond niet daardoor kan je ook minder snel keelpijn oplopen;0;"de lucht wordt verwarmd als je door je neus gaat inandememen	";0;;;;;;;;;;;;
4;Waarschijnlijk ontstaat een aanval van inspanningsastma door het sterk afkoelen van het ademhalingsstelsel. Het advies is om minder door de mond te ademen en meer door de neus. In de neus wordt de lucht verwarmd.;Noem twee andere voordelen van ademhalen door de neus in plaats van door de mond.;Voordeel 1:;Voorbeelden van juiste voordelen: de lucht wordt bevochtigd, de lucht wordt gekeurd, de lucht wordt gezuiverd.;Voordeel 2:;Voorbeelden van juiste voordelen: de lucht wordt bevochtigd, de lucht wordt gekeurd, de lucht wordt gezuiverd.;7;Voordeel 1: ;Door de neus ademen is beter want je neus is vochtig en je hebt trilharen in je neus en die zorgen ervoor dat er geen bacterien en virussen binnenkomen en bij de mond kan dat sneller gebeuren.;Voordeel 2: ;Door de neus ademen is beter want dan kan je ook ruiken, als je niet kan ruiken heb je risico op gevaren zoals het rook van vuur want dan ruik je dat niet.;1;1;2;93;binnenkomen, beter, ademen;neus, bacterien, virussen;neus, ruiken, risico, gevaren, op;ademen, beter;6;4;ademen door de nues is beter dan via de mond, omdat de neus haartjes bacterieen niet naar binnen laten.;1;het is soepeler om te ademen omdat er meer slijmvlies in je neus zit;0;"ademhalen door je neus wordt het verwarmt, door je neus ademalen tijdens asma is veel handiger dan door de mond.	";1;10;0;als je door je neus ademt kan je alles beter ruiken;1;"en als je door je neus ademt ruik je sneler een gevaarlijke geur zoals brandt dan als je met je mond ademd	";1;als je een selchte stof inademt kan je die soms wel ruiken dus je ruikt dan beter of de ruimte waar je adem haalt goed voor je is of niet;1;;;;;;;;;;;;
4;Waarschijnlijk ontstaat een aanval van inspanningsastma door het sterk afkoelen van het ademhalingsstelsel. Het advies is om minder door de mond te ademen en meer door de neus. In de neus wordt de lucht verwarmd.;Noem twee andere voordelen van ademhalen door de neus in plaats van door de mond.;Voordeel 1: ;Voorbeelden van juiste voordelen: de lucht wordt bevochtigd, de lucht wordt gekeurd, de lucht wordt gezuiverd.;Voordeel 2:;Voorbeelden van juiste voordelen: de lucht wordt bevochtigd, de lucht wordt gekeurd, de lucht wordt gezuiverd.;8;Voordeel 1: ;als je via je mond ademt ken je sneller ziek worden bijvoorbeeld keel pijn, bacterien spelen ook mee via je neus heb je dat minder want dan heb je je neusharen je je beschermen met je mond niet;Voordeel 2: ;met je neus ademen is beter want je ken daarmee ruiken of iets niet goed ruikt, en via je neus is het warmer en via je mond niet dan is het kouder dus dan word je sneller ziek;1;1;2;74;mond, minder, beschermen, sneller, ziek;ademt, bacterien;neus, mond, ruikt;warmer, beter, ademen;8;2;als je door je neus ademhaalt word je niet zo snel ziek dan dat je door je mond ademhaalt;1;als je door je neus ademend houden je neusharen bacterien en stofdeeltjes tegen .. en als je het door je mond andemt niet.;1;"als je door je neus ademt worden alle bacterien die je meeneemt tegengehouden door je neushaartjes	";0;5;5;door je neus ademen is ook fijner in plaats van door je mond te ademen;0;"als je door je neus ademt kan je alles beter ruiken	";1;"en als je door je neus ademt ruik je sneler een gevaarlijke geur zoals brandt dan als je met je mond ademd	";1;;;;;;;;;;;;
4;Waarschijnlijk ontstaat een aanval van inspanningsastma door het sterk afkoelen van het ademhalingsstelsel. Het advies is om minder door de mond te ademen en meer door de neus. In de neus wordt de lucht verwarmd.;Noem twee andere voordelen van ademhalen door de neus in plaats van door de mond.;Voordeel 1:;Voorbeelden van juiste voordelen: de lucht wordt bevochtigd, de lucht wordt gekeurd, de lucht wordt gezuiverd.;Voordeel 2:;Voorbeelden van juiste voordelen: de lucht wordt bevochtigd, de lucht wordt gekeurd, de lucht wordt gezuiverd.;9;Voordeel 1: ;als je door je mond ademt kan er van alles in kopen, zoals insecten of bacterien, en als je door de neus ademt dan gebeurt dat niet.;Voordeel 2: ;je kan sneller verkoud raken, want als je door je mond ademt tijdens winter of koud weer, dan wordt de lucht die je ademt niet verwarmd, en wel in je neus;1;1;2;86;insecten, mond, alles, kopen, neus, niet;ademt, bacterien;sneller,  winter, verwarmd;lucht, ademt, verkoud;7;3;als je door je neus ademend houden je neusharen bacterien en stofdeeltjes tegen .. en als je het door je mond andemt niet.;1;"als je via de neus ademt komen er geen bactrieen je lichaam in	";0;als je door je neus ademt dan komen er geen vieze bacterien in je.;1;8;2;als het koud is en je ademt door de mond kan je een keelonstekeing krijgen met de neus niet;1;"en in je neus wordt de lucht verwarmd\r\ndoor je neus ga je dan rustiger ademen\r\nvia je buik ademen en je via dan je neus	";0;"Omdat je neus je lucht verwarmd word de lucht die je inademt ook vochtiger	";1;;;;;;;;;;;;
4;Waarschijnlijk ontstaat een aanval van inspanningsastma door het sterk afkoelen van het ademhalingsstelsel. Het advies is om minder door de mond te ademen en meer door de neus. In de neus wordt de lucht verwarmd.;Noem twee andere voordelen van ademhalen door de neus in plaats van door de mond.;Voordeel 1: ;Voorbeelden van juiste voordelen: de lucht wordt bevochtigd, de lucht wordt gekeurd, de lucht wordt gezuiverd.;Voordeel 2:;Voorbeelden van juiste voordelen: de lucht wordt bevochtigd, de lucht wordt gekeurd, de lucht wordt gezuiverd.;10;Voordeel 1: ;door je neus adem je minder zuurstof in dan door je mond dus stel je bent in een gebied waar veel autos rijden dan krijg je minder vieze lucht binnen in je lichaam;Voordeel 2: ;stel je bent aan het eten en je ademt via je mond dan heb je snel de kans dat je kan stikken in je eten door dat je twee dingen tegelijkerdtijd doet met je mond. daarom is het beter dat je via je neus ademt;0;0;0;71;neus, vieze, lucht;minder, zuurstof;kans, eten;ademt, mond, beter;4;6;"omdat je dan minder bewust bent van het adem halen	";0;"er komt niet zo veel zuurstof in je longen waardoor je dan sneller gaat ademen maar juist wat minder waardoor je rustig ademd	";0;"al je door je neus ademt krijg je minder ziektenverwekkers in je lichaam	";1;3;7;"met eten kan je door je neus ademen als je met je mond aaan het eten bent	";0;"door neus kan je sneller adem halen. \r\nals je via mond ademt krijg je vaak dorst en je krijg benauwd	";0;beter voor ademhaling met door de mond word je mond ook uitgedroogd;1;;;;;;;;;;;;
